{
"lengthUnit": "mil",
"remark": [],
"components": {
	"fields": ["COMPONENT_NO", "COMPONENT_NAME", "LAYER", "X_COORDINATE", "Y_COORDINATE", "ANGLE"],
	"rows": [
		[1, "ANT1", "T", -1225, 995, 180],
		[2, "BATTERY_CONNECTOR", "T", 705, 820, 180],
		[3, "BOOT", "T", -1145, 795, 270],
		[4, "C1", "T", -1115, -280, 90],
		[5, "C2", "T", -1300, -20, 270],
		[6, "C3", "T", -800, -105, 0],
		[7, "C4", "T", -1180, 85, 270],
		[8, "C7", "T", -760, -275, 90],
		[9, "C8", "T", -1285, -280, 90],
		[10, "C9", "T", -625, -280, 0],
		[11, "C10", "T", -605, 35, 0],
		[12, "C11", "T", -1000, 245, 0],
		[13, "CH582F", "T", -1180, -110, 0],
		[14, "CN1", "T", -1210, -525, 0],
		[15, "D2", "T", -725, -80, 90],
		[16, "D3", "T", 1295, 740, 0],
		[17, "FPC1", "T", 600, -125, 90],
		[18, "JP1", "T", 295, 75, 270],
		[19, "JP2", "T", 360, 75, 270],
		[20, "L1", "T", -1200, -275, 180],
		[21, "LED_BLUE", "T", -830, 775, 270],
		[22, "LED_GREEN", "T", -585, 775, 270],
		[23, "LED_RED", "T", 580, 775, 270],
		[24, "LED_YELLOW", "T", 830, 775, 270],
		[25, "PA11", "T", -1405.1, -216.95, 0],
		[26, "PIN17", "T", 322.8924, 197.6958, 0],
		[27, "Q2", "T", -625, -70, 180],
		[28, "R1", "T", 1370, 745, 270],
		[29, "R2", "T", 1235, 745, 270],
		[30, "R3", "T", -975, -60, 0],
		[31, "R12", "T", -700, -190, 90],
		[32, "R14", "T", 930, 735, 180],
		[33, "R15", "T", -975, -110, 0],
		[34, "R16", "T", -795, 35, 180],
		[35, "R18", "T", -965, 170, 90],
		[36, "R19", "T", -655, 105, 0],
		[37, "R20", "T", -795, 105, 0],
		[38, "R21", "T", -795, 180, 180],
		[39, "R22", "T", -475, -20, 180],
		[40, "R23", "T", -475, -95, 0],
		[41, "R27", "T", -735, -190, 270],
		[42, "R28", "T", -770, -190, 90],
		[43, "SWITCH_CONNECTOR", "T", -710, 820, 180],
		[44, "U1", "T", 230, -175, 270],
		[45, "U2", "T", 230, -445, 270],
		[46, "U5", "T", -855, -195, 180],
		[47, "U7", "T", -600, -190, 90],
		[48, "U11", "T", 1350, 910, 170],
		[49, "X1", "T", -1080, 75, 0],
		[50, "PAD1", "T", -670.276, -107.402, 0],
		[51, "PAD2", "T", -579.724, -70.002, 0],
		[52, "PAD3", "T", -670.276, -32.598, 0],
		[53, "PAD4", "T", -725, -33.835, 0],
		[54, "PAD5", "T", -725, -126.165, 0],
		[55, "PAD6", "T", -597.44, -280, 0],
		[56, "PAD7", "T", -652.56, -280, 0],
		[57, "PAD8", "T", -978.54, 245, 0],
		[58, "PAD9", "T", -1021.46, 245, 0],
		[59, "PAD10", "T", 1279.25, 723.56, 0],
		[60, "PAD11", "T", 1310.75, 756.44, 0],
		[61, "PAD12", "T", 1295, 756.44, 0],
		[62, "PAD13", "T", 1279.25, 756.44, 0],
		[63, "PAD14", "T", -1174.53, 870.79, 0],
		[64, "PAD15", "T", -1174.53, 719.21, 0],
		[65, "PAD16", "T", -1115.47, 719.21, 0],
		[66, "PAD17", "T", -577.44, 35, 0],
		[67, "PAD18", "T", -632.56, 35, 0],
		[68, "PAD19", "T", -1285, -252.44, 0],
		[69, "PAD20", "T", -1285, -307.56, 0],
		[70, "PAD21", "T", -1233.46, -275, 0],
		[71, "PAD22", "T", -1166.54, -275, 0],
		[72, "PAD23", "T", -554.58, -227.4, 0],
		[73, "PAD24", "T", -554.58, -190, 0],
		[74, "PAD25", "T", -554.58, -152.6, 0],
		[75, "PAD26", "T", -645.42, -152.6, 0],
		[76, "PAD27", "T", -645.42, -227.4, 0],
		[77, "PAD28", "T", 1370, 727.96, 0],
		[78, "PAD29", "T", 1370, 762.04, 0],
		[79, "PAD30", "T", -820, -105, 0],
		[80, "PAD31", "T", -780, -105, 0],
		[81, "PAD32", "T", -760, -295, 0],
		[82, "PAD33", "T", -760, -255, 0],
		[83, "PAD34", "T", -1180.04, -188.74, 0],
		[84, "PAD35", "T", -1164.25, -188.74, 0],
		[85, "PAD36", "T", -1148.5, -188.74, 0],
		[86, "PAD37", "T", -1132.76, -188.74, 0],
		[87, "PAD38", "T", -1195.74, -188.74, 0],
		[88, "PAD39", "T", -1211.5, -188.74, 0],
		[89, "PAD40", "T", -1227.24, -188.74, 0],
		[90, "PAD41", "T", -1101.26, -157.24, 0],
		[91, "PAD42", "T", -1101.26, -141.5, 0],
		[92, "PAD43", "T", -1101.26, -125.75, 0],
		[93, "PAD44", "T", -1101.29, -110, 0],
		[94, "PAD45", "T", -1101.26, -94.26, 0],
		[95, "PAD46", "T", -1101.26, -78.5, 0],
		[96, "PAD47", "T", -1101.26, -62.76, 0],
		[97, "PAD48", "T", -1132.76, -31.26, 0],
		[98, "PAD49", "T", -1148.5, -31.26, 0],
		[99, "PAD50", "T", -1164.26, -31.26, 0],
		[100, "PAD51", "T", -1180, -31.26, 0],
		[101, "PAD52", "T", -1195.74, -31.26, 0],
		[102, "PAD53", "T", -1211.5, -31.26, 0],
		[103, "PAD54", "T", -1227.24, -31.26, 0],
		[104, "PAD55", "T", -1258.74, -62.76, 0],
		[105, "PAD56", "T", -1258.74, -78.5, 0],
		[106, "PAD57", "T", -1258.74, -94.26, 0],
		[107, "PAD58", "T", -1258.73, -110, 0],
		[108, "PAD59", "T", -1258.74, -125.74, 0],
		[109, "PAD60", "T", -1258.74, -141.5, 0],
		[110, "PAD61", "T", -1258.74, -157.24, 0],
		[111, "PAD62", "T", -1179.99, -110, 0],
		[112, "PAD63", "T", -700, -172.96, 0],
		[113, "PAD64", "T", -700, -207.04, 0],
		[114, "PAD65", "T", -735, -207.04, 0],
		[115, "PAD66", "T", -735, -172.96, 0],
		[116, "PAD67", "T", -817.6, -149.58, 0],
		[117, "PAD68", "T", -855, -149.58, 0],
		[118, "PAD69", "T", -892.4, -149.58, 0],
		[119, "PAD70", "T", -817.6, -240.42, 0],
		[120, "PAD71", "T", 1235, 727.96, 0],
		[121, "PAD72", "T", 1235, 762.04, 0],
		[122, "PAD73", "T", 648.23, -526.569, 0],
		[123, "PAD74", "T", 648.23, 276.569, 0],
		[124, "PAD75", "T", 551.77, 189.96, 0],
		[125, "PAD76", "T", 551.77, 150.59, 0],
		[126, "PAD77", "T", 551.77, 111.22, 0],
		[127, "PAD78", "T", 551.77, 71.85, 0],
		[128, "PAD79", "T", 551.77, 32.48, 0],
		[129, "PAD80", "T", 551.77, -6.89, 0],
		[130, "PAD81", "T", 551.77, -46.26, 0],
		[131, "PAD82", "T", 551.77, -85.63, 0],
		[132, "PAD83", "T", 551.77, -125, 0],
		[133, "PAD84", "T", 551.77, -164.37, 0],
		[134, "PAD85", "T", 551.77, -203.74, 0],
		[135, "PAD86", "T", 551.77, -243.11, 0],
		[136, "PAD87", "T", 551.77, -282.48, 0],
		[137, "PAD88", "T", 551.77, -321.85, 0],
		[138, "PAD89", "T", 551.77, -361.22, 0],
		[139, "PAD90", "T", 551.77, -400.59, 0],
		[140, "PAD91", "T", 551.77, -439.96, 0],
		[141, "PAD92", "T", 117.175, -85.43, 0],
		[142, "PAD93", "T", 117.175, -111.02, 0],
		[143, "PAD94", "T", 117.175, -136.61, 0],
		[144, "PAD95", "T", 117.175, -162.21, 0],
		[145, "PAD96", "T", 117.175, -187.8, 0],
		[146, "PAD97", "T", 117.175, -213.39, 0],
		[147, "PAD98", "T", 117.175, -238.98, 0],
		[148, "PAD99", "T", 117.175, -264.57, 0],
		[149, "PAD100", "T", 342.825, -85.43, 0],
		[150, "PAD101", "T", 342.825, -111.02, 0],
		[151, "PAD102", "T", 342.825, -136.61, 0],
		[152, "PAD103", "T", 342.825, -162.21, 0],
		[153, "PAD104", "T", 342.825, -187.8, 0],
		[154, "PAD105", "T", 342.825, -213.39, 0],
		[155, "PAD106", "T", 342.825, -238.98, 0],
		[156, "PAD107", "T", 342.825, -264.57, 0],
		[157, "PAD108", "T", 117.175, -355.43, 0],
		[158, "PAD109", "T", 117.175, -381.02, 0],
		[159, "PAD110", "T", 117.175, -406.61, 0],
		[160, "PAD111", "T", 117.175, -432.21, 0],
		[161, "PAD112", "T", 117.175, -457.8, 0],
		[162, "PAD113", "T", 117.175, -483.39, 0],
		[163, "PAD114", "T", 117.175, -534.57, 0],
		[164, "PAD115", "T", 342.825, -355.43, 0],
		[165, "PAD116", "T", 342.825, -381.02, 0],
		[166, "PAD117", "T", 342.825, -406.61, 0],
		[167, "PAD118", "T", 342.825, -432.21, 0],
		[168, "PAD119", "T", 1543.9816, 802.8384, 0],
		[169, "PAD120", "T", 1572.6945, 965.6774, 0],
		[170, "PAD121", "T", 1159.7774, 1038.4858, 0],
		[171, "PAD122", "T", 1131.0647, 875.6478, 0],
		[172, "PAD123", "T", 1457.8343, 796.0456, 0],
		[173, "PAD124", "T", 1426.8128, 801.5155, 0],
		[174, "PAD125", "T", 1382.2207, 809.3783, 0],
		[175, "PAD126", "T", 1362.8397, 812.7957, 0],
		[176, "PAD127", "T", 1343.4488, 816.2148, 0],
		[177, "PAD128", "T", 1324.0678, 819.6322, 0],
		[178, "PAD129", "T", 1304.677, 823.0513, 0],
		[179, "PAD130", "T", 1265.9051, 829.8878, 0],
		[180, "PAD131", "T", 1240.7038, 834.3315, 0],
		[181, "PAD132", "T", 1209.6914, 839.7948, 0],
		[182, "PAD133", "T", -1225, 995, 0],
		[183, "PAD134", "T", -1204.3308, 997.9529, 0],
		[184, "PAD135", "T", -830, 818.31, 0],
		[185, "PAD136", "T", -830, 731.69, 0],
		[186, "PAD137", "T", 580, 816.35, 0],
		[187, "PAD138", "T", 580, 733.65, 0],
		[188, "PAD139", "T", -585, 816.35, 0],
		[189, "PAD140", "T", -585, 733.65, 0],
		[190, "PAD141", "T", 830, 816.35, 0],
		[191, "PAD142", "T", 830, 733.65, 0],
		[192, "PAD143", "T", -1115.43, 51.38, 0],
		[193, "PAD144", "T", -1044.57, 51.38, 0],
		[194, "PAD145", "T", -1044.57, 98.62, 0],
		[195, "PAD146", "T", -1115.43, 98.62, 0],
		[196, "PAD147", "T", -1300, -41.46, 0],
		[197, "PAD148", "T", -1300, 1.46, 0],
		[198, "PAD149", "T", -1180, 57.44, 0],
		[199, "PAD150", "T", -1180, 112.56, 0],
		[200, "PAD151", "T", -1115, -252.44, 0],
		[201, "PAD152", "T", -1115, -307.56, 0],
		[202, "PAD153", "T", -1060, -525, 0],
		[203, "PAD154", "T", -1160, -525, 0],
		[204, "PAD155", "T", -1260, -525, 0],
		[205, "PAD156", "T", -1360, -525, 0],
		[206, "PAD157", "T", 681.95, 743.72, 0],
		[207, "PAD158", "T", 721.32, 743.72, 0],
		[208, "PAD159", "T", -733.05, 743.72, 0],
		[209, "PAD160", "T", -693.68, 743.72, 0],
		[210, "PAD161", "T", -834.37, 35, 0],
		[211, "PAD162", "T", -755.63, 35, 0],
		[212, "PAD163", "T", -615.63, 105, 0],
		[213, "PAD164", "T", -694.37, 105, 0],
		[214, "PAD165", "T", -755.63, 105, 0],
		[215, "PAD166", "T", -834.37, 105, 0],
		[216, "PAD167", "T", -834.37, 180, 0],
		[217, "PAD168", "T", -755.63, 180, 0],
		[218, "PAD169", "T", -514.37, -20, 0],
		[219, "PAD170", "T", -435.63, -20, 0],
		[220, "PAD171", "T", -435.63, -95, 0],
		[221, "PAD172", "T", -514.37, -95, 0],
		[222, "PAD173", "T", -770, -172.96, 0],
		[223, "PAD174", "T", -770, -207.04, 0],
		[224, "PAD175", "T", 295, 102.5591, 0],
		[225, "PAD176", "T", 294.9543, 63.2904, 0],
		[226, "PAD177", "T", 360, 102.5591, 0],
		[227, "PAD178", "T", 359.9543, 63.2904, 0],
		[228, "PAD179", "T", 322.8924, 197.6958, 0],
		[229, "PAD180", "T", -945.34, -60, 0],
		[230, "PAD181", "T", -1004.66, -60, 0],
		[231, "PAD182", "T", 900.34, 735, 0],
		[232, "PAD183", "T", 959.66, 735, 0],
		[233, "PAD184", "T", -945.34, -110, 0],
		[234, "PAD185", "T", -1004.66, -110, 0],
		[235, "PAD186", "T", -965, 199.66, 0],
		[236, "PAD187", "T", -965, 140.34, 0],
		[237, "PAD188", "T", -1405.1, -216.95, 0]
	]
},
"pins": {
	"fields": ["PIN_NO", "PIN_NAME", "PIN_X", "PIN_Y", "LAYER", "PIN_TYPE", "NET_NAME", "NET_TYPE", "PAD_SHAPE", "PAD_SIZEX", "PAD_SIZEY", "HOLE_SIZE", "HOLE_LEN", "PAD_ANGLE"],
	"rows": [
		[1, "ANT1_0", -1204.3308, 997.9529, "T", "SMD", "GND", "GND", "R", 11.811, 11.811, 0, 0, 180],
		[2, "ANT1_1", -1225, 995, "T", "SMD", "ANT", "", "R", 5.9055, 5.9055, 0, 0, 180],
		[3, "BATTERY_CONNECTOR_1", 721.32, 743.72, "T", "SMD", "GND", "GND", "R", 23.622, 61.024, 0, 0, 180],
		[4, "BATTERY_CONNECTOR_2", 681.95, 743.72, "T", "SMD", "BAT+", "", "R", 23.622, 61.024, 0, 0, 180],
		[5, "BATTERY_CONNECTOR_3", 772.5, 896.28, "T", "SMD", "NET_1", "", "R", 47.244, 70.866, 0, 0, 180],
		[6, "BATTERY_CONNECTOR_4", 637.5, 896.28, "T", "SMD", "NET_2", "", "R", 47.244, 70.866, 0, 0, 180],
		[7, "BOOT_1", -1174.53, 870.79, "T", "SMD", "GND", "GND", "R", 49.213, 35.433, 0, 0, 270],
		[8, "BOOT_2", -1174.53, 719.21, "T", "SMD", "GND", "GND", "R", 49.213, 35.433, 0, 0, 270],
		[9, "BOOT_3", -1115.47, 870.79, "T", "SMD", "NET_3", "", "R", 49.213, 35.433, 0, 0, 270],
		[10, "BOOT_4", -1115.47, 719.21, "T", "SMD", "PB22_BOOT", "", "R", 49.213, 35.433, 0, 0, 270],
		[11, "C1_1", -1115, -307.56, "T", "SMD", "GND", "GND", "R", 31.496, 35.433, 0, 0, 90],
		[12, "C1_2", -1115, -252.44, "T", "SMD", "VDD3V3", "", "R", 31.496, 35.433, 0, 0, 90],
		[13, "C2_1", -1300, 1.46, "T", "SMD", "GND", "GND", "R", 31.106, 21.26, 0, 0, 270],
		[14, "C2_2", -1300, -41.46, "T", "SMD", "VDCIA", "", "R", 31.106, 21.26, 0, 0, 270],
		[15, "C3_1", -820, -105, "T", "SMD", "GND", "GND", "R", 22, 22, 0, 0, 0],
		[16, "C3_2", -780, -105, "T", "SMD", "5V", "", "R", 22, 22, 0, 0, 0],
		[17, "C4_1", -1180, 112.56, "T", "SMD", "GND", "GND", "R", 31.496, 35.433, 0, 0, 270],
		[18, "C4_2", -1180, 57.44, "T", "SMD", "VINTA", "", "R", 31.496, 35.433, 0, 0, 270],
		[19, "C7_1", -760, -295, "T", "SMD", "GND", "GND", "R", 22, 22, 0, 0, 90],
		[20, "C7_2", -760, -255, "T", "SMD", "VDD3V3", "", "R", 22, 22, 0, 0, 90],
		[21, "C8_1", -1285, -307.56, "T", "SMD", "GND", "GND", "R", 31.496, 35.433, 0, 0, 90],
		[22, "C8_2", -1285, -252.44, "T", "SMD", "VDCIA", "", "R", 31.496, 35.433, 0, 0, 90],
		[23, "C9_1", -652.56, -280, "T", "SMD", "GND", "GND", "R", 31.496, 35.433, 0, 0, 0],
		[24, "C9_2", -597.44, -280, "T", "SMD", "VBUS", "", "R", 31.496, 35.433, 0, 0, 0],
		[25, "C10_1", -632.56, 35, "T", "SMD", "GND", "GND", "R", 31.496, 35.433, 0, 0, 0],
		[26, "C10_2", -577.44, 35, "T", "SMD", "BAT+", "", "R", 31.496, 35.433, 0, 0, 0],
		[27, "C11_1", -1021.46, 245, "T", "SMD", "GND", "GND", "R", 31.106, 21.26, 0, 0, 0],
		[28, "C11_2", -978.54, 245, "T", "SMD", "PB22_BOOT", "", "R", 31.106, 21.26, 0, 0, 0],
		[29, "CH582F_1", -1227.24, -188.74, "T", "SMD", "PA11", "", "O", 7.874, 31.4961, 0, 0, 0],
		[30, "CH582F_2", -1211.5, -188.74, "T", "SMD", "Y0", "", "O", 7.874, 31.4961, 0, 0, 0],
		[31, "CH582F_3", -1195.74, -188.74, "T", "SMD", "VDCIA", "", "O", 7.874, 31.4961, 0, 0, 0],
		[32, "CH582F_4", -1180.04, -188.74, "T", "SMD", "VSW", "", "O", 7.874, 31.4961, 0, 0, 0],
		[33, "CH582F_5", -1164.25, -188.74, "T", "SMD", "VDD3V3", "", "O", 7.874, 31.4961, 0, 0, 0],
		[34, "CH582F_6", -1148.5, -188.74, "T", "SMD", "PA8_RXD1", "", "O", 7.874, 31.4961, 0, 0, 0],
		[35, "CH582F_7", -1132.76, -188.74, "T", "SMD", "PA9_TXD1", "", "O", 7.874, 31.4961, 0, 0, 0],
		[36, "CH582F_8", -1101.26, -157.24, "T", "SMD", "X3", "", "O", 31.4961, 7.874, 0, 0, 0],
		[37, "CH582F_9", -1101.26, -141.5, "T", "SMD", "X2", "", "O", 31.4961, 7.874, 0, 0, 0],
		[38, "CH582F_10", -1101.26, -125.75, "T", "SMD", "PB13", "", "O", 31.4961, 7.874, 0, 0, 0],
		[39, "CH582F_11", -1101.29, -110, "T", "SMD", "PB12", "", "O", 31.4961, 7.874, 0, 0, 0],
		[40, "CH582F_12", -1101.26, -94.26, "T", "SMD", "PB11_UD+", "", "O", 31.4961, 7.874, 0, 0, 0],
		[41, "CH582F_13", -1101.26, -78.5, "T", "SMD", "PB10_UD-", "", "O", 31.4961, 7.874, 0, 0, 0],
		[42, "CH582F_14", -1101.26, -62.76, "T", "SMD", "X1", "", "O", 31.4961, 7.874, 0, 0, 0],
		[43, "CH582F_15", -1132.76, -31.26, "T", "SMD", "X0", "", "O", 7.874, 31.4961, 0, 0, 0],
		[44, "CH582F_16", -1148.5, -31.26, "T", "SMD", "PB23", "", "O", 7.874, 31.4961, 0, 0, 0],
		[45, "CH582F_17", -1164.26, -31.26, "T", "SMD", "PB22_BOOT", "", "O", 7.874, 31.4961, 0, 0, 0],
		[46, "CH582F_18", -1180, -31.26, "T", "SMD", "X32MO", "", "O", 7.874, 31.4961, 0, 0, 0],
		[47, "CH582F_19", -1195.74, -31.26, "T", "SMD", "X32MI", "", "O", 7.874, 31.4961, 0, 0, 0],
		[48, "CH582F_20", -1211.5, -31.26, "T", "SMD", "VINTA", "", "O", 7.874, 31.4961, 0, 0, 0],
		[49, "CH582F_21", -1227.24, -31.26, "T", "SMD", "ANT", "", "O", 7.874, 31.4961, 0, 0, 0],
		[50, "CH582F_22", -1258.74, -62.76, "T", "SMD", "VDCIA", "", "O", 31.4961, 7.874, 0, 0, 0],
		[51, "CH582F_23", -1258.74, -78.5, "T", "SMD", "Y1", "", "O", 31.4961, 7.874, 0, 0, 0],
		[52, "CH582F_24", -1258.74, -94.26, "T", "SMD", "BAT_CHECK", "", "O", 31.4961, 7.874, 0, 0, 0],
		[53, "CH582F_25", -1258.73, -110, "T", "SMD", "Y4", "", "O", 31.4961, 7.874, 0, 0, 0],
		[54, "CH582F_26", -1258.74, -125.74, "T", "SMD", "Y3", "", "O", 31.4961, 7.874, 0, 0, 0],
		[55, "CH582F_27", -1258.74, -141.5, "T", "SMD", "Y2", "", "O", 31.4961, 7.874, 0, 0, 0],
		[56, "CH582F_28", -1258.74, -157.24, "T", "SMD", "USB_CHECK", "", "O", 31.4961, 7.874, 0, 0, 0],
		[57, "CH582F_29", -1179.99, -110, "T", "SMD", "GND", "GND", "R", 100, 100, 0, 0, 0],
		[58, "CN1_1", -1360, -525, "T", "SMD", "VDD3V3", "", "R", 39.37, 100, 0, 0, 0],
		[59, "CN1_2", -1260, -525, "T", "SMD", "PA8_RXD1", "", "R", 39.37, 100, 0, 0, 0],
		[60, "CN1_3", -1160, -525, "T", "SMD", "PA9_TXD1", "", "R", 39.37, 100, 0, 0, 0],
		[61, "CN1_4", -1060, -525, "T", "SMD", "GND", "GND", "R", 39.37, 100, 0, 0, 0],
		[62, "D2_1", -725, -126.165, "T", "SMD", "5V", "", "R", 39.37, 29.528, 0, 0, 90],
		[63, "D2_2", -725, -33.835, "T", "SMD", "VBUS", "", "R", 39.37, 29.528, 0, 0, 90],
		[64, "D3_1", 1279.25, 723.56, "T", "SMD", "GND", "GND", "R", 8.819, 23.031, 0, 0, 0],
		[65, "D3_2", 1295, 723.56, "T", "SMD", "NET_4", "", "R", 8.819, 23.031, 0, 0, 0],
		[66, "D3_3", 1310.75, 723.56, "T", "SMD", "NET_5", "", "R", 8.819, 23.031, 0, 0, 0],
		[67, "D3_4", 1310.75, 756.44, "T", "SMD", "PB10_UD-", "", "R", 8.819, 23.031, 0, 0, 0],
		[68, "D3_5", 1295, 756.44, "T", "SMD", "PB11_UD+", "", "R", 8.819, 23.031, 0, 0, 0],
		[69, "D3_6", 1279.25, 756.44, "T", "SMD", "VBUS", "", "R", 8.819, 23.031, 0, 0, 0],
		[70, "FPC1_1", 551.77, -439.96, "T", "SMD", "ROW0", "", "R", 23.622, 78.74, 0, 0, 90],
		[71, "FPC1_2", 551.77, -400.59, "T", "SMD", "ROW1", "", "R", 23.622, 78.74, 0, 0, 90],
		[72, "FPC1_3", 551.77, -361.22, "T", "SMD", "Y0", "", "R", 23.622, 78.74, 0, 0, 90],
		[73, "FPC1_4", 551.77, -321.85, "T", "SMD", "Y1", "", "R", 23.622, 78.74, 0, 0, 90],
		[74, "FPC1_5", 551.77, -282.48, "T", "SMD", "ROW2", "", "R", 23.622, 78.74, 0, 0, 90],
		[75, "FPC1_6", 551.77, -243.11, "T", "SMD", "ROW3", "", "R", 23.622, 78.74, 0, 0, 90],
		[76, "FPC1_7", 551.77, -203.74, "T", "SMD", "ROW4", "", "R", 23.622, 78.74, 0, 0, 90],
		[77, "FPC1_8", 551.77, -164.37, "T", "SMD", "ROW5", "", "R", 23.622, 78.74, 0, 0, 90],
		[78, "FPC1_9", 551.77, -125, "T", "SMD", "Y2", "", "R", 23.622, 78.74, 0, 0, 90],
		[79, "FPC1_10", 551.77, -85.63, "T", "SMD", "Y3", "", "R", 23.622, 78.74, 0, 0, 90],
		[80, "FPC1_11", 551.77, -46.26, "T", "SMD", "ROW6", "", "R", 23.622, 78.74, 0, 0, 90],
		[81, "FPC1_12", 551.77, -6.89, "T", "SMD", "ROW7", "", "R", 23.622, 78.74, 0, 0, 90],
		[82, "FPC1_13", 551.77, 32.48, "T", "SMD", "ROW8", "", "R", 23.622, 78.74, 0, 0, 90],
		[83, "FPC1_14", 551.77, 71.85, "T", "SMD", "Y4", "", "R", 23.622, 78.74, 0, 0, 90],
		[84, "FPC1_15", 551.77, 111.22, "T", "SMD", "ROW9", "", "R", 23.622, 78.74, 0, 0, 90],
		[85, "FPC1_16", 551.77, 150.59, "T", "SMD", "ROW10", "", "R", 23.622, 78.74, 0, 0, 90],
		[86, "FPC1_17", 551.77, 189.96, "T", "SMD", "PIN17", "", "R", 23.622, 78.74, 0, 0, 90],
		[87, "FPC1_18", 648.23, 276.569, "T", "SMD", "GND", "GND", "R", 98.425, 118.11, 0, 0, 90],
		[88, "FPC1_19", 648.23, -526.569, "T", "SMD", "GND", "GND", "R", 98.425, 118.11, 0, 0, 90],
		[89, "JP1_1", 295, 102.5591, "T", "SMD", "PIN17", "", "P", 39.3701, 47.2441, 0, 0, 270],
		[90, "JP1_2", 294.9543, 63.2904, "T", "SMD", "GND", "GND", "P", 39.4615, 47.0412, 0, 0, 270],
		[91, "JP2_1", 360, 102.5591, "T", "SMD", "PIN17", "", "P", 39.3701, 47.2441, 0, 0, 270],
		[92, "JP2_2", 359.9543, 63.2904, "T", "SMD", "VDD3V3", "", "P", 39.4615, 47.0412, 0, 0, 270],
		[93, "L1_1", -1166.54, -275, "T", "SMD", "VSW", "", "R", 35.433, 62.992, 0, 0, 180],
		[94, "L1_2", -1233.46, -275, "T", "SMD", "VDCIA", "", "R", 35.433, 62.992, 0, 0, 180],
		[95, "LED_BLUE_1", -830, 818.31, "T", "SMD", "GND", "GND", "R", 39.37, 49.213, 0, 0, 90],
		[96, "LED_BLUE_2", -830, 731.69, "T", "SMD", "$1N114512", "", "R", 39.37, 49.213, 0, 0, 90],
		[97, "LED_GREEN_1", -585, 733.65, "T", "SMD", "$1N101374", "", "R", 39.37, 55.1, 0, 0, 90],
		[98, "LED_GREEN_2", -585, 816.35, "T", "SMD", "GND", "GND", "R", 39.37, 55.1, 0, 0, 90],
		[99, "LED_RED_1", 580, 733.65, "T", "SMD", "$1N31375", "", "R", 39.37, 55.1, 0, 0, 90],
		[100, "LED_RED_2", 580, 816.35, "T", "SMD", "GND", "GND", "R", 39.37, 55.1, 0, 0, 90],
		[101, "LED_YELLOW_1", 830, 733.65, "T", "SMD", "$1N114935", "", "R", 39.37, 55.1, 0, 0, 90],
		[102, "LED_YELLOW_2", 830, 816.35, "T", "SMD", "$1N79569", "", "R", 39.37, 55.1, 0, 0, 90],
		[103, "PA11_1", -1405.1, -216.95, "T", "SMD", "PA11", "", "C", 50, 50, 0, 0, 0],
		[104, "PIN17_1", 322.8924, 197.6958, "T", "SMD", "PIN17", "", "C", 50, 50, 0, 0, 0],
		[105, "Q2_1", -670.276, -32.598, "T", "SMD", "VBUS", "", "R", 39.37, 31.496, 0, 0, 0],
		[106, "Q2_2", -670.276, -107.402, "T", "SMD", "5V", "", "R", 39.37, 31.496, 0, 0, 0],
		[107, "Q2_3", -579.724, -70.002, "T", "SMD", "BAT+", "", "R", 39.37, 31.496, 0, 0, 0],
		[108, "R1_1", 1370, 762.04, "T", "SMD", "USB_CC1", "", "R", 22.27, 21.26, 0, 0, 270],
		[109, "R1_2", 1370, 727.96, "T", "SMD", "GND", "GND", "R", 22.27, 21.26, 0, 0, 270],
		[110, "R2_1", 1235, 762.04, "T", "SMD", "USB_CC2", "", "R", 22.27, 21.26, 0, 0, 270],
		[111, "R2_2", 1235, 727.96, "T", "SMD", "GND", "GND", "R", 22.27, 21.26, 0, 0, 270],
		[112, "R3_1", -1004.66, -60, "T", "SMD", "PB12", "", "R", 31.751, 34.016, 0, 0, 0],
		[113, "R3_2", -945.34, -60, "T", "SMD", "$1N114512", "", "R", 31.751, 34.016, 0, 0, 0],
		[114, "R12_1", -700, -207.04, "T", "SMD", "$1N115195", "", "R", 22.27, 21.26, 0, 0, 90],
		[115, "R12_2", -700, -172.96, "T", "SMD", "$1N122946", "", "R", 22.27, 21.26, 0, 0, 90],
		[116, "R14_1", 959.66, 735, "T", "SMD", "VBUS", "", "R", 31.751, 34.016, 0, 0, 180],
		[117, "R14_2", 900.34, 735, "T", "SMD", "$1N114935", "", "R", 31.751, 34.016, 0, 0, 180],
		[118, "R15_1", -1004.66, -110, "T", "SMD", "PB13", "", "R", 31.751, 34.016, 0, 0, 0],
		[119, "R15_2", -945.34, -110, "T", "SMD", "$1N31375", "", "R", 31.751, 34.016, 0, 0, 0],
		[120, "R16_1", -755.63, 35, "T", "SMD", "5V", "", "R", 44.588, 54.213, 0, 0, 180],
		[121, "R16_2", -834.37, 35, "T", "SMD", "CE", "", "R", 44.588, 54.213, 0, 0, 180],
		[122, "R18_1", -965, 140.34, "T", "SMD", "PB23", "", "R", 31.751, 34.016, 0, 0, 90],
		[123, "R18_2", -965, 199.66, "T", "SMD", "$1N101374", "", "R", 31.751, 34.016, 0, 0, 90],
		[124, "R19_1", -694.37, 105, "T", "SMD", "VBUS", "", "R", 44.588, 54.213, 0, 0, 0],
		[125, "R19_2", -615.63, 105, "T", "SMD", "GND", "GND", "R", 44.588, 54.213, 0, 0, 0],
		[126, "R20_1", -834.37, 105, "T", "SMD", "USB_CHECK", "", "R", 44.588, 54.213, 0, 0, 0],
		[127, "R20_2", -755.63, 105, "T", "SMD", "VBUS", "", "R", 44.588, 54.213, 0, 0, 0],
		[128, "R21_1", -755.63, 180, "T", "SMD", "GND", "GND", "R", 44.588, 54.213, 0, 0, 180],
		[129, "R21_2", -834.37, 180, "T", "SMD", "USB_CHECK", "", "R", 44.588, 54.213, 0, 0, 180],
		[130, "R22_1", -435.63, -20, "T", "SMD", "BAT_CHECK", "", "R", 44.588, 54.213, 0, 0, 180],
		[131, "R22_2", -514.37, -20, "T", "SMD", "BAT+", "", "R", 44.588, 54.213, 0, 0, 180],
		[132, "R23_1", -514.37, -95, "T", "SMD", "GND", "GND", "R", 44.588, 54.213, 0, 0, 0],
		[133, "R23_2", -435.63, -95, "T", "SMD", "BAT_CHECK", "", "R", 44.588, 54.213, 0, 0, 0],
		[134, "R27_1", -735, -172.96, "T", "SMD", "$1N122946", "", "R", 22.27, 21.26, 0, 0, 270],
		[135, "R27_2", -735, -207.04, "T", "SMD", "$1N122986", "", "R", 22.27, 21.26, 0, 0, 270],
		[136, "R28_1", -770, -207.04, "T", "SMD", "$1N122986", "", "R", 22.27, 21.26, 0, 0, 90],
		[137, "R28_2", -770, -172.96, "T", "SMD", "GND", "GND", "R", 22.27, 21.26, 0, 0, 90],
		[138, "SWITCH_CONNECTOR_1", -693.68, 743.72, "T", "SMD", "GND", "GND", "R", 23.622, 61.024, 0, 0, 180],
		[139, "SWITCH_CONNECTOR_2", -733.05, 743.72, "T", "SMD", "CE", "", "R", 23.622, 61.024, 0, 0, 180],
		[140, "SWITCH_CONNECTOR_3", -642.5, 896.28, "T", "SMD", "NET_6", "", "R", 47.244, 70.866, 0, 0, 180],
		[141, "SWITCH_CONNECTOR_4", -777.5, 896.28, "T", "SMD", "NET_7", "", "R", 47.244, 70.866, 0, 0, 180],
		[142, "U1_1", 117.175, -85.43, "T", "SMD", "X0", "", "O", 13.504, 68.169, 0, 0, 270],
		[143, "U1_2", 117.175, -111.02, "T", "SMD", "X1", "", "O", 13.504, 68.169, 0, 0, 270],
		[144, "U1_3", 117.175, -136.61, "T", "SMD", "X2", "", "O", 13.504, 68.169, 0, 0, 270],
		[145, "U1_4", 117.175, -162.21, "T", "SMD", "X3", "", "O", 13.504, 68.169, 0, 0, 270],
		[146, "U1_5", 117.175, -187.8, "T", "SMD", "X3", "", "O", 13.504, 68.169, 0, 0, 270],
		[147, "U1_6", 117.175, -213.39, "T", "SMD", "VDD3V3", "", "O", 13.504, 68.169, 0, 0, 270],
		[148, "U1_7", 117.175, -238.98, "T", "SMD", "ROW3", "", "O", 13.504, 68.169, 0, 0, 270],
		[149, "U1_8", 117.175, -264.57, "T", "SMD", "GND", "GND", "O", 13.504, 68.169, 0, 0, 270],
		[150, "U1_9", 342.825, -264.57, "T", "SMD", "ROW4", "", "O", 13.504, 68.169, 0, 0, 270],
		[151, "U1_10", 342.825, -238.98, "T", "SMD", "ROW5", "", "O", 13.504, 68.169, 0, 0, 270],
		[152, "U1_11", 342.825, -213.39, "T", "SMD", "ROW6", "", "O", 13.504, 68.169, 0, 0, 270],
		[153, "U1_12", 342.825, -187.8, "T", "SMD", "ROW7", "", "O", 13.504, 68.169, 0, 0, 270],
		[154, "U1_13", 342.825, -162.21, "T", "SMD", "ROW8", "", "O", 13.504, 68.169, 0, 0, 270],
		[155, "U1_14", 342.825, -136.61, "T", "SMD", "ROW9", "", "O", 13.504, 68.169, 0, 0, 270],
		[156, "U1_15", 342.825, -111.02, "T", "SMD", "ROW10", "", "O", 13.504, 68.169, 0, 0, 270],
		[157, "U1_16", 342.825, -85.43, "T", "SMD", "VDD3V3", "", "O", 13.504, 68.169, 0, 0, 270],
		[158, "U2_1", 117.175, -355.43, "T", "SMD", "X0", "", "O", 13.504, 68.169, 0, 0, 270],
		[159, "U2_2", 117.175, -381.02, "T", "SMD", "X1", "", "O", 13.504, 68.169, 0, 0, 270],
		[160, "U2_3", 117.175, -406.61, "T", "SMD", "X2", "", "O", 13.504, 68.169, 0, 0, 270],
		[161, "U2_4", 117.175, -432.21, "T", "SMD", "GND", "GND", "O", 13.504, 68.169, 0, 0, 270],
		[162, "U2_5", 117.175, -457.8, "T", "SMD", "GND", "GND", "O", 13.504, 68.169, 0, 0, 270],
		[163, "U2_6", 117.175, -483.39, "T", "SMD", "X3", "", "O", 13.504, 68.169, 0, 0, 270],
		[164, "U2_7", 117.175, -508.98, "T", "SMD", "NET_8", "", "O", 13.504, 68.169, 0, 0, 270],
		[165, "U2_8", 117.175, -534.57, "T", "SMD", "GND", "GND", "O", 13.504, 68.169, 0, 0, 270],
		[166, "U2_9", 342.825, -534.57, "T", "SMD", "NET_9", "", "O", 13.504, 68.169, 0, 0, 270],
		[167, "U2_10", 342.825, -508.98, "T", "SMD", "NET_10", "", "O", 13.504, 68.169, 0, 0, 270],
		[168, "U2_11", 342.825, -483.39, "T", "SMD", "NET_11", "", "O", 13.504, 68.169, 0, 0, 270],
		[169, "U2_12", 342.825, -457.8, "T", "SMD", "NET_12", "", "O", 13.504, 68.169, 0, 0, 270],
		[170, "U2_13", 342.825, -432.21, "T", "SMD", "ROW0", "", "O", 13.504, 68.169, 0, 0, 270],
		[171, "U2_14", 342.825, -406.61, "T", "SMD", "ROW1", "", "O", 13.504, 68.169, 0, 0, 270],
		[172, "U2_15", 342.825, -381.02, "T", "SMD", "ROW2", "", "O", 13.504, 68.169, 0, 0, 270],
		[173, "U2_16", 342.825, -355.43, "T", "SMD", "VDD3V3", "", "O", 13.504, 68.169, 0, 0, 270],
		[174, "U5_1", -817.6, -149.58, "T", "SMD", "5V", "", "R", 19.291, 45.551, 0, 0, 180],
		[175, "U5_2", -855, -149.58, "T", "SMD", "GND", "GND", "R", 19.291, 45.551, 0, 0, 180],
		[176, "U5_3", -892.4, -149.58, "T", "SMD", "CE", "", "R", 19.291, 45.551, 0, 0, 180],
		[177, "U5_4", -892.4, -240.42, "T", "SMD", "NET_13", "", "R", 19.291, 46.26, 0, 0, 180],
		[178, "U5_5", -817.6, -240.42, "T", "SMD", "VDD3V3", "", "R", 19.291, 46.26, 0, 0, 180],
		[179, "U7_1", -554.58, -227.4, "T", "SMD", "$1N79569", "", "R", 19.291, 45.551, 0, 0, 90],
		[180, "U7_2", -554.58, -190, "T", "SMD", "GND", "GND", "R", 19.291, 45.551, 0, 0, 90],
		[181, "U7_3", -554.58, -152.6, "T", "SMD", "BAT+", "", "R", 19.291, 45.551, 0, 0, 90],
		[182, "U7_4", -645.42, -152.6, "T", "SMD", "VBUS", "", "R", 19.291, 46.26, 0, 0, 90],
		[183, "U7_5", -645.42, -227.4, "T", "SMD", "$1N115195", "", "R", 19.291, 46.26, 0, 0, 90],
		[184, "U11_1", 1543.9816, 802.8384, "T", "SMD", "GND", "GND", "R", 78.74, 47.244, 0, 0, 170],
		[185, "U11_2", 1131.0647, 875.6478, "T", "SMD", "GND", "GND", "R", 78.74, 47.244, 0, 0, 170],
		[186, "U11_3", 1159.7774, 1038.4858, "T", "SMD", "GND", "GND", "R", 78.74, 59.055, 0, 0, 170],
		[187, "U11_4", 1572.6945, 965.6774, "T", "SMD", "GND", "GND", "R", 78.74, 59.055, 0, 0, 170],
		[188, "U11_A1B12", 1457.8343, 796.0456, "T", "SMD", "GND", "GND", "R", 23.622, 43.307, 0, 0, 170],
		[189, "U11_A4B9", 1426.8128, 801.5155, "T", "SMD", "VBUS", "", "R", 23.622, 43.307, 0, 0, 170],
		[190, "U11_A5", 1382.2207, 809.3783, "T", "SMD", "USB_CC1", "", "R", 11.811, 43.307, 0, 0, 170],
		[191, "U11_A6", 1343.4488, 816.2148, "T", "SMD", "PB11_UD+", "", "R", 11.811, 43.307, 0, 0, 170],
		[192, "U11_A7", 1324.0678, 819.6322, "T", "SMD", "PB10_UD-", "", "R", 11.811, 43.307, 0, 0, 170],
		[193, "U11_A8", 1285.2959, 826.4687, "T", "SMD", "NET_14", "", "R", 11.811, 43.307, 0, 0, 170],
		[194, "U11_B1A12", 1209.6914, 839.7948, "T", "SMD", "GND", "GND", "R", 23.622, 43.307, 0, 0, 170],
		[195, "U11_B4A9", 1240.7038, 834.3315, "T", "SMD", "VBUS", "", "R", 23.622, 43.307, 0, 0, 170],
		[196, "U11_B5", 1265.9051, 829.8878, "T", "SMD", "USB_CC2", "", "R", 11.811, 43.307, 0, 0, 170],
		[197, "U11_B6", 1304.677, 823.0513, "T", "SMD", "PB11_UD+", "", "R", 11.811, 43.307, 0, 0, 170],
		[198, "U11_B7", 1362.8397, 812.7957, "T", "SMD", "PB10_UD-", "", "R", 11.811, 43.307, 0, 0, 170],
		[199, "U11_B8", 1401.6116, 805.9591, "T", "SMD", "NET_15", "", "R", 11.811, 43.307, 0, 0, 170],
		[200, "X1_1", -1115.43, 51.38, "T", "SMD", "X32MI", "", "R", 31.496, 39.37, 0, 0, 90],
		[201, "X1_2", -1044.57, 51.38, "T", "SMD", "GND", "GND", "R", 31.496, 39.37, 0, 0, 90],
		[202, "X1_3", -1044.57, 98.62, "T", "SMD", "X32MO", "", "R", 31.496, 39.37, 0, 0, 90],
		[203, "X1_4", -1115.43, 98.62, "T", "SMD", "GND", "GND", "R", 31.496, 39.37, 0, 0, 90],
		[204, "PAD1_2", -670.276, -107.402, "T", "SMD", "5V", "", "R", 39.37, 31.496, 0, 0, 0],
		[205, "PAD2_3", -579.724, -70.002, "T", "SMD", "BAT+", "", "R", 39.37, 31.496, 0, 0, 0],
		[206, "PAD3_1", -670.276, -32.598, "T", "SMD", "VBUS", "", "R", 39.37, 31.496, 0, 0, 0],
		[207, "PAD4_2", -725, -33.835, "T", "SMD", "VBUS", "", "R", 39.37, 29.528, 0, 0, 90],
		[208, "PAD5_1", -725, -126.165, "T", "SMD", "5V", "", "R", 39.37, 29.528, 0, 0, 90],
		[209, "PAD6_2", -597.44, -280, "T", "SMD", "VBUS", "", "R", 31.496, 35.433, 0, 0, 0],
		[210, "PAD7_1", -652.56, -280, "T", "SMD", "GND", "GND", "R", 31.496, 35.433, 0, 0, 0],
		[211, "PAD8_2", -978.54, 245, "T", "SMD", "PB22_BOOT", "", "R", 31.106, 21.26, 0, 0, 0],
		[212, "PAD9_1", -1021.46, 245, "T", "SMD", "GND", "GND", "R", 31.106, 21.26, 0, 0, 0],
		[213, "PAD10_1", 1279.25, 723.56, "T", "SMD", "GND", "GND", "R", 8.819, 23.031, 0, 0, 0],
		[214, "PAD11_4", 1310.75, 756.44, "T", "SMD", "PB10_UD-", "", "R", 8.819, 23.031, 0, 0, 0],
		[215, "PAD12_5", 1295, 756.44, "T", "SMD", "PB11_UD+", "", "R", 8.819, 23.031, 0, 0, 0],
		[216, "PAD13_6", 1279.25, 756.44, "T", "SMD", "VBUS", "", "R", 8.819, 23.031, 0, 0, 0],
		[217, "PAD14_1", -1174.53, 870.79, "T", "SMD", "GND", "GND", "R", 49.213, 35.433, 0, 0, 270],
		[218, "PAD15_2", -1174.53, 719.21, "T", "SMD", "GND", "GND", "R", 49.213, 35.433, 0, 0, 270],
		[219, "PAD16_4", -1115.47, 719.21, "T", "SMD", "PB22_BOOT", "", "R", 49.213, 35.433, 0, 0, 270],
		[220, "PAD17_2", -577.44, 35, "T", "SMD", "BAT+", "", "R", 31.496, 35.433, 0, 0, 0],
		[221, "PAD18_1", -632.56, 35, "T", "SMD", "GND", "GND", "R", 31.496, 35.433, 0, 0, 0],
		[222, "PAD19_2", -1285, -252.44, "T", "SMD", "VDCIA", "", "R", 31.496, 35.433, 0, 0, 90],
		[223, "PAD20_1", -1285, -307.56, "T", "SMD", "GND", "GND", "R", 31.496, 35.433, 0, 0, 90],
		[224, "PAD21_2", -1233.46, -275, "T", "SMD", "VDCIA", "", "R", 35.433, 62.992, 0, 0, 180],
		[225, "PAD22_1", -1166.54, -275, "T", "SMD", "VSW", "", "R", 35.433, 62.992, 0, 0, 180],
		[226, "PAD23_1", -554.58, -227.4, "T", "SMD", "$1N79569", "", "R", 19.291, 45.551, 0, 0, 90],
		[227, "PAD24_2", -554.58, -190, "T", "SMD", "GND", "GND", "R", 19.291, 45.551, 0, 0, 90],
		[228, "PAD25_3", -554.58, -152.6, "T", "SMD", "BAT+", "", "R", 19.291, 45.551, 0, 0, 90],
		[229, "PAD26_4", -645.42, -152.6, "T", "SMD", "VBUS", "", "R", 19.291, 46.26, 0, 0, 90],
		[230, "PAD27_5", -645.42, -227.4, "T", "SMD", "$1N115195", "", "R", 19.291, 46.26, 0, 0, 90],
		[231, "PAD28_2", 1370, 727.96, "T", "SMD", "GND", "GND", "R", 22.27, 21.26, 0, 0, 270],
		[232, "PAD29_1", 1370, 762.04, "T", "SMD", "USB_CC1", "", "R", 22.27, 21.26, 0, 0, 270],
		[233, "PAD30_1", -820, -105, "T", "SMD", "GND", "GND", "R", 22, 22, 0, 0, 0],
		[234, "PAD31_2", -780, -105, "T", "SMD", "5V", "", "R", 22, 22, 0, 0, 0],
		[235, "PAD32_1", -760, -295, "T", "SMD", "GND", "GND", "R", 22, 22, 0, 0, 90],
		[236, "PAD33_2", -760, -255, "T", "SMD", "VDD3V3", "", "R", 22, 22, 0, 0, 90],
		[237, "PAD34_4", -1180.04, -188.74, "T", "SMD", "VSW", "", "O", 7.874, 31.4961, 0, 0, 0],
		[238, "PAD35_5", -1164.25, -188.74, "T", "SMD", "VDD3V3", "", "O", 7.874, 31.4961, 0, 0, 0],
		[239, "PAD36_6", -1148.5, -188.74, "T", "SMD", "PA8_RXD1", "", "O", 7.874, 31.4961, 0, 0, 0],
		[240, "PAD37_7", -1132.76, -188.74, "T", "SMD", "PA9_TXD1", "", "O", 7.874, 31.4961, 0, 0, 0],
		[241, "PAD38_3", -1195.74, -188.74, "T", "SMD", "VDCIA", "", "O", 7.874, 31.4961, 0, 0, 0],
		[242, "PAD39_2", -1211.5, -188.74, "T", "SMD", "Y0", "", "O", 7.874, 31.4961, 0, 0, 0],
		[243, "PAD40_1", -1227.24, -188.74, "T", "SMD", "PA11", "", "O", 7.874, 31.4961, 0, 0, 0],
		[244, "PAD41_8", -1101.26, -157.24, "T", "SMD", "X3", "", "O", 31.4961, 7.874, 0, 0, 0],
		[245, "PAD42_9", -1101.26, -141.5, "T", "SMD", "X2", "", "O", 31.4961, 7.874, 0, 0, 0],
		[246, "PAD43_10", -1101.26, -125.75, "T", "SMD", "PB13", "", "O", 31.4961, 7.874, 0, 0, 0],
		[247, "PAD44_11", -1101.29, -110, "T", "SMD", "PB12", "", "O", 31.4961, 7.874, 0, 0, 0],
		[248, "PAD45_12", -1101.26, -94.26, "T", "SMD", "PB11_UD+", "", "O", 31.4961, 7.874, 0, 0, 0],
		[249, "PAD46_13", -1101.26, -78.5, "T", "SMD", "PB10_UD-", "", "O", 31.4961, 7.874, 0, 0, 0],
		[250, "PAD47_14", -1101.26, -62.76, "T", "SMD", "X1", "", "O", 31.4961, 7.874, 0, 0, 0],
		[251, "PAD48_15", -1132.76, -31.26, "T", "SMD", "X0", "", "O", 7.874, 31.4961, 0, 0, 0],
		[252, "PAD49_16", -1148.5, -31.26, "T", "SMD", "PB23", "", "O", 7.874, 31.4961, 0, 0, 0],
		[253, "PAD50_17", -1164.26, -31.26, "T", "SMD", "PB22_BOOT", "", "O", 7.874, 31.4961, 0, 0, 0],
		[254, "PAD51_18", -1180, -31.26, "T", "SMD", "X32MO", "", "O", 7.874, 31.4961, 0, 0, 0],
		[255, "PAD52_19", -1195.74, -31.26, "T", "SMD", "X32MI", "", "O", 7.874, 31.4961, 0, 0, 0],
		[256, "PAD53_20", -1211.5, -31.26, "T", "SMD", "VINTA", "", "O", 7.874, 31.4961, 0, 0, 0],
		[257, "PAD54_21", -1227.24, -31.26, "T", "SMD", "ANT", "", "O", 7.874, 31.4961, 0, 0, 0],
		[258, "PAD55_22", -1258.74, -62.76, "T", "SMD", "VDCIA", "", "O", 31.4961, 7.874, 0, 0, 0],
		[259, "PAD56_23", -1258.74, -78.5, "T", "SMD", "Y1", "", "O", 31.4961, 7.874, 0, 0, 0],
		[260, "PAD57_24", -1258.74, -94.26, "T", "SMD", "BAT_CHECK", "", "O", 31.4961, 7.874, 0, 0, 0],
		[261, "PAD58_25", -1258.73, -110, "T", "SMD", "Y4", "", "O", 31.4961, 7.874, 0, 0, 0],
		[262, "PAD59_26", -1258.74, -125.74, "T", "SMD", "Y3", "", "O", 31.4961, 7.874, 0, 0, 0],
		[263, "PAD60_27", -1258.74, -141.5, "T", "SMD", "Y2", "", "O", 31.4961, 7.874, 0, 0, 0],
		[264, "PAD61_28", -1258.74, -157.24, "T", "SMD", "USB_CHECK", "", "O", 31.4961, 7.874, 0, 0, 0],
		[265, "PAD62_29", -1179.99, -110, "T", "SMD", "GND", "GND", "R", 100, 100, 0, 0, 0],
		[266, "PAD63_2", -700, -172.96, "T", "SMD", "$1N122946", "", "R", 22.27, 21.26, 0, 0, 90],
		[267, "PAD64_1", -700, -207.04, "T", "SMD", "$1N115195", "", "R", 22.27, 21.26, 0, 0, 90],
		[268, "PAD65_2", -735, -207.04, "T", "SMD", "$1N122986", "", "R", 22.27, 21.26, 0, 0, 270],
		[269, "PAD66_1", -735, -172.96, "T", "SMD", "$1N122946", "", "R", 22.27, 21.26, 0, 0, 270],
		[270, "PAD67_1", -817.6, -149.58, "T", "SMD", "5V", "", "R", 19.291, 45.551, 0, 0, 180],
		[271, "PAD68_2", -855, -149.58, "T", "SMD", "GND", "GND", "R", 19.291, 45.551, 0, 0, 180],
		[272, "PAD69_3", -892.4, -149.58, "T", "SMD", "CE", "", "R", 19.291, 45.551, 0, 0, 180],
		[273, "PAD70_5", -817.6, -240.42, "T", "SMD", "VDD3V3", "", "R", 19.291, 46.26, 0, 0, 180],
		[274, "PAD71_2", 1235, 727.96, "T", "SMD", "GND", "GND", "R", 22.27, 21.26, 0, 0, 270],
		[275, "PAD72_1", 1235, 762.04, "T", "SMD", "USB_CC2", "", "R", 22.27, 21.26, 0, 0, 270],
		[276, "PAD73_19", 648.23, -526.569, "T", "SMD", "GND", "GND", "R", 98.425, 118.11, 0, 0, 90],
		[277, "PAD74_18", 648.23, 276.569, "T", "SMD", "GND", "GND", "R", 98.425, 118.11, 0, 0, 90],
		[278, "PAD75_17", 551.77, 189.96, "T", "SMD", "PIN17", "", "R", 23.622, 78.74, 0, 0, 90],
		[279, "PAD76_16", 551.77, 150.59, "T", "SMD", "ROW10", "", "R", 23.622, 78.74, 0, 0, 90],
		[280, "PAD77_15", 551.77, 111.22, "T", "SMD", "ROW9", "", "R", 23.622, 78.74, 0, 0, 90],
		[281, "PAD78_14", 551.77, 71.85, "T", "SMD", "Y4", "", "R", 23.622, 78.74, 0, 0, 90],
		[282, "PAD79_13", 551.77, 32.48, "T", "SMD", "ROW8", "", "R", 23.622, 78.74, 0, 0, 90],
		[283, "PAD80_12", 551.77, -6.89, "T", "SMD", "ROW7", "", "R", 23.622, 78.74, 0, 0, 90],
		[284, "PAD81_11", 551.77, -46.26, "T", "SMD", "ROW6", "", "R", 23.622, 78.74, 0, 0, 90],
		[285, "PAD82_10", 551.77, -85.63, "T", "SMD", "Y3", "", "R", 23.622, 78.74, 0, 0, 90],
		[286, "PAD83_9", 551.77, -125, "T", "SMD", "Y2", "", "R", 23.622, 78.74, 0, 0, 90],
		[287, "PAD84_8", 551.77, -164.37, "T", "SMD", "ROW5", "", "R", 23.622, 78.74, 0, 0, 90],
		[288, "PAD85_7", 551.77, -203.74, "T", "SMD", "ROW4", "", "R", 23.622, 78.74, 0, 0, 90],
		[289, "PAD86_6", 551.77, -243.11, "T", "SMD", "ROW3", "", "R", 23.622, 78.74, 0, 0, 90],
		[290, "PAD87_5", 551.77, -282.48, "T", "SMD", "ROW2", "", "R", 23.622, 78.74, 0, 0, 90],
		[291, "PAD88_4", 551.77, -321.85, "T", "SMD", "Y1", "", "R", 23.622, 78.74, 0, 0, 90],
		[292, "PAD89_3", 551.77, -361.22, "T", "SMD", "Y0", "", "R", 23.622, 78.74, 0, 0, 90],
		[293, "PAD90_2", 551.77, -400.59, "T", "SMD", "ROW1", "", "R", 23.622, 78.74, 0, 0, 90],
		[294, "PAD91_1", 551.77, -439.96, "T", "SMD", "ROW0", "", "R", 23.622, 78.74, 0, 0, 90],
		[295, "PAD92_1", 117.175, -85.43, "T", "SMD", "X0", "", "O", 13.504, 68.169, 0, 0, 270],
		[296, "PAD93_2", 117.175, -111.02, "T", "SMD", "X1", "", "O", 13.504, 68.169, 0, 0, 270],
		[297, "PAD94_3", 117.175, -136.61, "T", "SMD", "X2", "", "O", 13.504, 68.169, 0, 0, 270],
		[298, "PAD95_4", 117.175, -162.21, "T", "SMD", "X3", "", "O", 13.504, 68.169, 0, 0, 270],
		[299, "PAD96_5", 117.175, -187.8, "T", "SMD", "X3", "", "O", 13.504, 68.169, 0, 0, 270],
		[300, "PAD97_6", 117.175, -213.39, "T", "SMD", "VDD3V3", "", "O", 13.504, 68.169, 0, 0, 270],
		[301, "PAD98_7", 117.175, -238.98, "T", "SMD", "ROW3", "", "O", 13.504, 68.169, 0, 0, 270],
		[302, "PAD99_8", 117.175, -264.57, "T", "SMD", "GND", "GND", "O", 13.504, 68.169, 0, 0, 270],
		[303, "PAD100_16", 342.825, -85.43, "T", "SMD", "VDD3V3", "", "O", 13.504, 68.169, 0, 0, 270],
		[304, "PAD101_15", 342.825, -111.02, "T", "SMD", "ROW10", "", "O", 13.504, 68.169, 0, 0, 270],
		[305, "PAD102_14", 342.825, -136.61, "T", "SMD", "ROW9", "", "O", 13.504, 68.169, 0, 0, 270],
		[306, "PAD103_13", 342.825, -162.21, "T", "SMD", "ROW8", "", "O", 13.504, 68.169, 0, 0, 270],
		[307, "PAD104_12", 342.825, -187.8, "T", "SMD", "ROW7", "", "O", 13.504, 68.169, 0, 0, 270],
		[308, "PAD105_11", 342.825, -213.39, "T", "SMD", "ROW6", "", "O", 13.504, 68.169, 0, 0, 270],
		[309, "PAD106_10", 342.825, -238.98, "T", "SMD", "ROW5", "", "O", 13.504, 68.169, 0, 0, 270],
		[310, "PAD107_9", 342.825, -264.57, "T", "SMD", "ROW4", "", "O", 13.504, 68.169, 0, 0, 270],
		[311, "PAD108_1", 117.175, -355.43, "T", "SMD", "X0", "", "O", 13.504, 68.169, 0, 0, 270],
		[312, "PAD109_2", 117.175, -381.02, "T", "SMD", "X1", "", "O", 13.504, 68.169, 0, 0, 270],
		[313, "PAD110_3", 117.175, -406.61, "T", "SMD", "X2", "", "O", 13.504, 68.169, 0, 0, 270],
		[314, "PAD111_4", 117.175, -432.21, "T", "SMD", "GND", "GND", "O", 13.504, 68.169, 0, 0, 270],
		[315, "PAD112_5", 117.175, -457.8, "T", "SMD", "GND", "GND", "O", 13.504, 68.169, 0, 0, 270],
		[316, "PAD113_6", 117.175, -483.39, "T", "SMD", "X3", "", "O", 13.504, 68.169, 0, 0, 270],
		[317, "PAD114_8", 117.175, -534.57, "T", "SMD", "GND", "GND", "O", 13.504, 68.169, 0, 0, 270],
		[318, "PAD115_16", 342.825, -355.43, "T", "SMD", "VDD3V3", "", "O", 13.504, 68.169, 0, 0, 270],
		[319, "PAD116_15", 342.825, -381.02, "T", "SMD", "ROW2", "", "O", 13.504, 68.169, 0, 0, 270],
		[320, "PAD117_14", 342.825, -406.61, "T", "SMD", "ROW1", "", "O", 13.504, 68.169, 0, 0, 270],
		[321, "PAD118_13", 342.825, -432.21, "T", "SMD", "ROW0", "", "O", 13.504, 68.169, 0, 0, 270],
		[322, "PAD119_1", 1543.9816, 802.8384, "T", "SMD", "GND", "GND", "R", 78.74, 47.244, 0, 0, 170],
		[323, "PAD120_4", 1572.6945, 965.6774, "T", "SMD", "GND", "GND", "R", 78.74, 59.055, 0, 0, 170],
		[324, "PAD121_3", 1159.7774, 1038.4858, "T", "SMD", "GND", "GND", "R", 78.74, 59.055, 0, 0, 170],
		[325, "PAD122_2", 1131.0647, 875.6478, "T", "SMD", "GND", "GND", "R", 78.74, 47.244, 0, 0, 170],
		[326, "PAD123_A1B12", 1457.8343, 796.0456, "T", "SMD", "GND", "GND", "R", 23.622, 43.307, 0, 0, 170],
		[327, "PAD124_A4B9", 1426.8128, 801.5155, "T", "SMD", "VBUS", "", "R", 23.622, 43.307, 0, 0, 170],
		[328, "PAD125_A5", 1382.2207, 809.3783, "T", "SMD", "USB_CC1", "", "R", 11.811, 43.307, 0, 0, 170],
		[329, "PAD126_B7", 1362.8397, 812.7957, "T", "SMD", "PB10_UD-", "", "R", 11.811, 43.307, 0, 0, 170],
		[330, "PAD127_A6", 1343.4488, 816.2148, "T", "SMD", "PB11_UD+", "", "R", 11.811, 43.307, 0, 0, 170],
		[331, "PAD128_A7", 1324.0678, 819.6322, "T", "SMD", "PB10_UD-", "", "R", 11.811, 43.307, 0, 0, 170],
		[332, "PAD129_B6", 1304.677, 823.0513, "T", "SMD", "PB11_UD+", "", "R", 11.811, 43.307, 0, 0, 170],
		[333, "PAD130_B5", 1265.9051, 829.8878, "T", "SMD", "USB_CC2", "", "R", 11.811, 43.307, 0, 0, 170],
		[334, "PAD131_B4A9", 1240.7038, 834.3315, "T", "SMD", "VBUS", "", "R", 23.622, 43.307, 0, 0, 170],
		[335, "PAD132_B1A12", 1209.6914, 839.7948, "T", "SMD", "GND", "GND", "R", 23.622, 43.307, 0, 0, 170],
		[336, "PAD133_1", -1225, 995, "T", "SMD", "ANT", "", "R", 5.9055, 5.9055, 0, 0, 180],
		[337, "PAD134_0", -1204.3308, 997.9529, "T", "SMD", "GND", "GND", "R", 11.811, 11.811, 0, 0, 180],
		[338, "PAD135_1", -830, 818.31, "T", "SMD", "GND", "GND", "R", 39.37, 49.213, 0, 0, 90],
		[339, "PAD136_2", -830, 731.69, "T", "SMD", "$1N114512", "", "R", 39.37, 49.213, 0, 0, 90],
		[340, "PAD137_2", 580, 816.35, "T", "SMD", "GND", "GND", "R", 39.37, 55.1, 0, 0, 90],
		[341, "PAD138_1", 580, 733.65, "T", "SMD", "$1N31375", "", "R", 39.37, 55.1, 0, 0, 90],
		[342, "PAD139_2", -585, 816.35, "T", "SMD", "GND", "GND", "R", 39.37, 55.1, 0, 0, 90],
		[343, "PAD140_1", -585, 733.65, "T", "SMD", "$1N101374", "", "R", 39.37, 55.1, 0, 0, 90],
		[344, "PAD141_2", 830, 816.35, "T", "SMD", "$1N79569", "", "R", 39.37, 55.1, 0, 0, 90],
		[345, "PAD142_1", 830, 733.65, "T", "SMD", "$1N114935", "", "R", 39.37, 55.1, 0, 0, 90],
		[346, "PAD143_1", -1115.43, 51.38, "T", "SMD", "X32MI", "", "R", 31.496, 39.37, 0, 0, 90],
		[347, "PAD144_2", -1044.57, 51.38, "T", "SMD", "GND", "GND", "R", 31.496, 39.37, 0, 0, 90],
		[348, "PAD145_3", -1044.57, 98.62, "T", "SMD", "X32MO", "", "R", 31.496, 39.37, 0, 0, 90],
		[349, "PAD146_4", -1115.43, 98.62, "T", "SMD", "GND", "GND", "R", 31.496, 39.37, 0, 0, 90],
		[350, "PAD147_2", -1300, -41.46, "T", "SMD", "VDCIA", "", "R", 31.106, 21.26, 0, 0, 270],
		[351, "PAD148_1", -1300, 1.46, "T", "SMD", "GND", "GND", "R", 31.106, 21.26, 0, 0, 270],
		[352, "PAD149_2", -1180, 57.44, "T", "SMD", "VINTA", "", "R", 31.496, 35.433, 0, 0, 270],
		[353, "PAD150_1", -1180, 112.56, "T", "SMD", "GND", "GND", "R", 31.496, 35.433, 0, 0, 270],
		[354, "PAD151_2", -1115, -252.44, "T", "SMD", "VDD3V3", "", "R", 31.496, 35.433, 0, 0, 90],
		[355, "PAD152_1", -1115, -307.56, "T", "SMD", "GND", "GND", "R", 31.496, 35.433, 0, 0, 90],
		[356, "PAD153_4", -1060, -525, "T", "SMD", "GND", "GND", "R", 39.37, 100, 0, 0, 0],
		[357, "PAD154_3", -1160, -525, "T", "SMD", "PA9_TXD1", "", "R", 39.37, 100, 0, 0, 0],
		[358, "PAD155_2", -1260, -525, "T", "SMD", "PA8_RXD1", "", "R", 39.37, 100, 0, 0, 0],
		[359, "PAD156_1", -1360, -525, "T", "SMD", "VDD3V3", "", "R", 39.37, 100, 0, 0, 0],
		[360, "PAD157_2", 681.95, 743.72, "T", "SMD", "BAT+", "", "R", 23.622, 61.024, 0, 0, 180],
		[361, "PAD158_1", 721.32, 743.72, "T", "SMD", "GND", "GND", "R", 23.622, 61.024, 0, 0, 180],
		[362, "PAD159_2", -733.05, 743.72, "T", "SMD", "CE", "", "R", 23.622, 61.024, 0, 0, 180],
		[363, "PAD160_1", -693.68, 743.72, "T", "SMD", "GND", "GND", "R", 23.622, 61.024, 0, 0, 180],
		[364, "PAD161_2", -834.37, 35, "T", "SMD", "CE", "", "R", 44.588, 54.213, 0, 0, 180],
		[365, "PAD162_1", -755.63, 35, "T", "SMD", "5V", "", "R", 44.588, 54.213, 0, 0, 180],
		[366, "PAD163_2", -615.63, 105, "T", "SMD", "GND", "GND", "R", 44.588, 54.213, 0, 0, 0],
		[367, "PAD164_1", -694.37, 105, "T", "SMD", "VBUS", "", "R", 44.588, 54.213, 0, 0, 0],
		[368, "PAD165_2", -755.63, 105, "T", "SMD", "VBUS", "", "R", 44.588, 54.213, 0, 0, 0],
		[369, "PAD166_1", -834.37, 105, "T", "SMD", "USB_CHECK", "", "R", 44.588, 54.213, 0, 0, 0],
		[370, "PAD167_2", -834.37, 180, "T", "SMD", "USB_CHECK", "", "R", 44.588, 54.213, 0, 0, 180],
		[371, "PAD168_1", -755.63, 180, "T", "SMD", "GND", "GND", "R", 44.588, 54.213, 0, 0, 180],
		[372, "PAD169_2", -514.37, -20, "T", "SMD", "BAT+", "", "R", 44.588, 54.213, 0, 0, 180],
		[373, "PAD170_1", -435.63, -20, "T", "SMD", "BAT_CHECK", "", "R", 44.588, 54.213, 0, 0, 180],
		[374, "PAD171_2", -435.63, -95, "T", "SMD", "BAT_CHECK", "", "R", 44.588, 54.213, 0, 0, 0],
		[375, "PAD172_1", -514.37, -95, "T", "SMD", "GND", "GND", "R", 44.588, 54.213, 0, 0, 0],
		[376, "PAD173_2", -770, -172.96, "T", "SMD", "GND", "GND", "R", 22.27, 21.26, 0, 0, 90],
		[377, "PAD174_1", -770, -207.04, "T", "SMD", "$1N122986", "", "R", 22.27, 21.26, 0, 0, 90],
		[378, "PAD175_1", 295, 102.5591, "T", "SMD", "PIN17", "", "P", 39.3701, 47.2441, 0, 0, 270],
		[379, "PAD176_2", 294.9543, 63.2904, "T", "SMD", "GND", "GND", "P", 39.4615, 47.0412, 0, 0, 270],
		[380, "PAD177_1", 360, 102.5591, "T", "SMD", "PIN17", "", "P", 39.3701, 47.2441, 0, 0, 270],
		[381, "PAD178_2", 359.9543, 63.2904, "T", "SMD", "VDD3V3", "", "P", 39.4615, 47.0412, 0, 0, 270],
		[382, "PAD179_1", 322.8924, 197.6958, "T", "SMD", "PIN17", "", "C", 50, 50, 0, 0, 0],
		[383, "PAD180_2", -945.34, -60, "T", "SMD", "$1N114512", "", "R", 31.751, 34.016, 0, 0, 0],
		[384, "PAD181_1", -1004.66, -60, "T", "SMD", "PB12", "", "R", 31.751, 34.016, 0, 0, 0],
		[385, "PAD182_2", 900.34, 735, "T", "SMD", "$1N114935", "", "R", 31.751, 34.016, 0, 0, 180],
		[386, "PAD183_1", 959.66, 735, "T", "SMD", "VBUS", "", "R", 31.751, 34.016, 0, 0, 180],
		[387, "PAD184_2", -945.34, -110, "T", "SMD", "$1N31375", "", "R", 31.751, 34.016, 0, 0, 0],
		[388, "PAD185_1", -1004.66, -110, "T", "SMD", "PB13", "", "R", 31.751, 34.016, 0, 0, 0],
		[389, "PAD186_2", -965, 199.66, "T", "SMD", "$1N101374", "", "R", 31.751, 34.016, 0, 0, 90],
		[390, "PAD187_1", -965, 140.34, "T", "SMD", "PB23", "", "R", 31.751, 34.016, 0, 0, 90],
		[391, "PAD188_1", -1405.1, -216.95, "T", "SMD", "PA11", "", "C", 50, 50, 0, 0, 0]
	]
}
}